{"cameraMode":{"drawMode":0,"name":"Shaded","section":"Shading Mode"},"sceneLighting":true,"audioPlay":false,"sceneViewState":{"m_AlwaysRefresh":false,"showFog":true,"showSkybox":true,"showFlares":true,"showImageEffects":true,"showParticleSystems":true,"showVisualEffectGraphs":true,"m_FxEnabled":true},"in2DMode":false,"pivot":{"x":566.96728515625,"y":2150.886474609375,"z":-15.62249755859375},"rotation":{"x":0.009309201501309872,"y":-0.010505041107535363,"z":0.00009859891724772751,"w":0.9999080896377564},"size":1487.36181640625,"orthographic":false}